Region,Farm,Survey,Distance,Time,Temp,RH,Wind,Anisoptera sp,Chrysomya_spp,Chrysoperla_sp,Culicidae_spp,Diptera fly sp5,Diptera fly sp7,Formicidae sp5,Formicidae sp6,Hemiptera bug sp,Hesperidae sp3,Hymenoptera wasp sp4,Lepidoptera moth sp10,Lepidoptera moth sp11,Lepidoptera moth sp12,Lepidoptera moth sp13,Lepidoptera moth sp14,Lepidoptera moth sp15,Lepidoptera moth sp16,Lepidoptera moth sp17,Lepidoptera moth sp18,Lepidoptera moth sp19,Lepidoptera moth sp20,Lepidoptera moth sp21,Lepidoptera moth sp22,Lepidoptera moth sp23,Lepidoptera moth sp24,Lepidoptera moth sp25,Lepidoptera moth sp4,Lepidoptera moth sp26,Lepidoptera moth sp27,Lepidoptera moth sp5,Lepidoptera moth sp6,Lepidoptera moth sp7,Lepidoptera moth sp8,Lepidoptera moth sp9,Utethesia_pulchelloides,Zygoptera sp,Total
Darwin,D1,Nocturnal,0,21:01-00:00,21.2,55,0.0,0,0,0,0,0,0,0,0,0,0,0,0,0,0,0,0,0,0,0,1,0,0,0,0,0,0,0,1,0,0,1,1,1,0,0,0,0,5
Darwin,D1,Nocturnal,0,21:01-00:00,18.7,69,0.0,0,0,0,0,0,0,3,1,0,0,0,0,1,1,1,0,0,0,0,0,0,0,0,0,0,0,0,0,0,0,0,0,0,0,0,0,0,7
Darwin,D1,Nocturnal,0,21:01-00:00,16.4,73,0.0,0,0,0,0,0,0,0,0,0,0,0,0,0,0,0,1,1,1,0,0,0,0,0,0,0,0,0,0,0,0,0,0,0,0,0,0,1,4
Darwin,D1,Nocturnal,50,21:01-00:00,18.0,67,0.0,0,0,1,1,0,0,0,0,0,0,0,0,0,0,0,0,0,0,0,0,1,0,0,0,0,0,0,0,0,0,0,0,0,0,0,0,0,3
Darwin,D1,Nocturnal,50,21:01-00:00,18.9,64,0.0,0,0,0,0,0,0,0,0,0,0,0,1,0,0,0,0,0,0,0,0,0,0,0,0,0,0,0,0,0,0,0,0,0,0,0,0,0,1
Darwin,D1,Nocturnal,50,21:01-00:00,16.7,73,0.0,0,0,0,0,0,0,0,0,0,0,0,0,0,0,0,0,0,0,1,0,0,0,0,0,0,0,0,0,0,0,0,0,0,0,0,0,0,1
Darwin,D1,Nocturnal,100,21:01-00:00,17.6,71,0.0,0,0,0,0,0,0,0,0,0,0,0,0,0,0,0,0,0,0,0,0,0,0,0,0,0,0,0,0,0,0,0,0,0,0,0,0,0,0
Darwin,D1,Nocturnal,100,21:01-00:00,20.0,61,0.0,0,0,0,0,0,0,0,0,0,0,0,0,0,0,0,0,0,0,0,0,0,0,0,0,0,0,0,0,0,0,0,0,0,0,1,0,0,1
Darwin,D1,Nocturnal,100,21:01-00:00,16.5,75,0.0,0,0,0,0,0,0,0,0,0,0,0,0,0,0,0,0,0,0,0,0,0,0,0,0,0,0,0,0,1,0,0,0,0,0,0,0,0,1
Darwin,D1,Nocturnal,150,21:01-00:00,19.0,65,0.0,0,0,0,0,0,0,0,0,0,0,0,0,0,0,0,0,0,0,0,0,0,0,0,0,0,0,0,0,0,0,0,0,1,1,0,0,0,2
Darwin,D1,Nocturnal,150,21:01-00:00,18.8,72,0.0,0,0,0,0,0,0,0,0,0,0,0,0,0,0,0,0,0,0,0,0,0,0,0,0,0,0,0,0,0,0,0,0,0,0,0,0,0,0
Darwin,D1,Nocturnal,150,21:01-00:00,16.9,76,0.0,0,0,0,0,0,0,0,0,0,0,0,0,0,0,0,0,0,0,0,0,0,0,0,0,0,0,0,0,0,0,0,0,0,0,0,0,0,0
Darwin,D1,Nocturnal,200,21:01-00:00,18.8,70,0.0,0,0,0,0,0,0,0,0,0,1,0,0,0,0,0,0,0,0,0,0,0,0,0,0,0,0,0,0,0,0,0,0,0,0,0,0,0,1
Darwin,D1,Nocturnal,200,21:01-00:00,20.6,62,0.0,0,0,0,0,0,0,0,0,0,0,0,0,0,0,0,0,0,0,0,0,0,0,0,0,0,0,0,0,0,0,0,0,0,1,0,0,0,1
Darwin,D1,Nocturnal,200,21:01-00:00,16.7,64,0.0,0,0,0,0,0,0,0,0,0,0,0,0,0,0,0,0,0,0,0,0,0,0,0,0,0,0,0,0,0,0,0,0,0,0,0,0,0,0
Darwin,D2,Nocturnal,0,21:01-00:00,24.0,57,0.0,0,0,1,0,0,0,0,0,0,0,0,0,0,0,0,0,0,0,0,0,0,0,0,0,0,0,0,1,0,0,0,0,0,0,0,0,0,2
Darwin,D2,Nocturnal,0,21:01-00:00,21.8,70,0.0,0,0,0,0,0,0,0,0,1,0,0,1,0,0,0,0,0,0,0,0,0,1,0,0,0,0,0,0,0,0,0,0,0,1,1,1,0,6
Darwin,D2,Nocturnal,0,21:01-00:00,21.5,72,0.0,0,0,0,0,0,0,0,0,0,0,0,0,2,1,2,0,0,0,0,0,0,0,0,0,0,0,0,0,0,1,0,0,0,0,0,0,0,6
Darwin,D2,Nocturnal,50,21:01-00:00,21.6,68,0.0,0,0,0,0,0,0,0,0,0,0,0,0,0,0,0,0,0,0,0,0,0,0,0,0,0,0,0,0,0,0,0,0,0,0,0,0,0,0
Darwin,D2,Nocturnal,50,21:01-00:00,21.6,71,0.0,0,0,0,0,0,0,0,0,0,0,0,0,0,0,0,0,0,0,0,0,0,0,0,0,0,0,0,0,0,0,0,0,1,0,0,0,0,1
Darwin,D2,Nocturnal,50,21:01-00:00,21.3,72,0.0,0,1,0,0,0,2,0,0,0,0,0,0,0,0,0,0,0,0,0,0,0,0,1,0,0,0,0,0,0,0,0,0,0,0,0,0,0,4
Darwin,D2,Nocturnal,100,21:01-00:00,21.0,70,0.0,0,0,0,0,0,0,0,0,0,0,0,0,0,0,0,0,0,0,0,0,0,0,0,0,0,0,0,0,0,0,1,0,0,0,0,0,0,1
Darwin,D2,Nocturnal,100,21:01-00:00,21.7,71,0.0,0,0,0,0,1,0,0,0,0,0,0,0,0,0,0,0,0,0,0,0,0,0,0,0,0,0,0,0,0,0,0,0,0,0,0,0,0,1
Darwin,D2,Nocturnal,100,21:01-00:00,20.7,76,0.0,0,0,0,0,0,0,0,0,0,0,0,0,0,0,0,0,0,0,0,0,0,0,0,0,0,0,0,0,0,0,0,0,0,0,0,0,0,0
Darwin,D2,Nocturnal,150,21:01-00:00,20.5,76,0.0,0,1,0,0,0,0,0,0,0,0,0,0,0,0,0,0,0,0,0,0,0,0,0,0,0,0,0,0,0,0,0,0,0,0,0,0,0,1
Darwin,D2,Nocturnal,150,21:01-00:00,22.4,68,0.0,0,0,0,0,0,0,0,0,0,0,0,0,0,0,0,0,0,0,0,0,0,0,0,0,0,0,0,0,0,0,0,2,0,0,0,0,0,2
Darwin,D2,Nocturnal,150,21:01-00:00,21.8,71,0.0,0,0,0,0,0,0,0,0,0,0,0,0,0,0,0,1,0,0,0,0,0,0,0,0,0,0,0,0,0,0,0,0,0,0,0,0,0,1
Darwin,D2,Nocturnal,200,21:01-00:00,19.8,78,0.0,0,0,0,0,0,0,0,0,0,0,0,0,0,0,0,0,0,0,0,0,0,0,0,0,0,0,0,0,0,0,0,0,0,0,0,0,0,0
Darwin,D2,Nocturnal,200,21:01-00:00,21.4,75,0.0,0,0,0,0,0,0,0,0,0,0,0,0,0,0,0,0,0,0,0,0,0,0,0,0,0,0,0,0,0,0,0,0,0,0,0,0,0,0
Darwin,D2,Nocturnal,200,21:01-00:00,21.2,74,0.0,0,0,0,0,0,0,0,0,0,0,0,0,0,0,0,0,0,0,0,0,0,0,0,0,0,0,0,0,0,0,0,0,0,0,0,0,0,0
Darwin,D3,Nocturnal,0,21:01-00:00,21.7,78,0.0,0,0,1,0,0,0,0,0,0,0,0,0,0,0,0,0,0,0,0,0,0,0,0,0,0,0,0,0,0,0,1,0,0,0,0,0,0,2
Darwin,D3,Nocturnal,0,21:01-00:00,22.8,70,0.0,0,0,0,0,0,0,0,0,0,0,0,0,0,0,0,0,0,0,0,0,0,0,0,1,1,0,0,0,0,0,0,0,0,0,0,0,0,2
Darwin,D3,Nocturnal,0,21:01-00:00,21.3,76,0.0,0,0,0,0,0,0,0,0,0,0,1,0,0,0,0,0,0,0,0,0,0,0,0,0,0,0,0,1,0,0,1,0,0,0,0,0,0,3
Darwin,D3,Nocturnal,50,21:01-00:00,21.7,76,0.0,0,0,0,0,0,0,0,0,0,0,0,0,0,0,0,0,0,0,0,0,0,0,0,0,0,0,0,0,0,0,0,0,0,0,0,0,0,0
Darwin,D3,Nocturnal,50,21:01-00:00,22.1,74,0.0,0,0,0,0,0,0,0,0,0,0,0,0,0,0,0,0,0,0,0,0,0,0,0,0,0,0,0,0,0,0,0,0,0,0,0,0,0,0
Darwin,D3,Nocturnal,50,21:01-00:00,20.2,82,0.0,0,0,0,0,0,0,0,0,0,0,0,0,0,0,0,0,0,0,0,0,0,0,0,0,0,0,0,1,0,0,0,0,0,0,0,0,0,1
Darwin,D3,Nocturnal,100,21:01-00:00,24.7,64,0.0,0,0,0,0,0,0,0,0,0,0,0,0,0,0,0,0,0,0,0,0,0,0,0,0,0,0,0,0,0,0,0,0,0,0,0,0,0,0
Darwin,D3,Nocturnal,100,21:01-00:00,22.5,75,0.0,0,0,0,0,0,0,0,0,0,0,0,0,0,0,0,0,0,0,0,0,0,0,0,0,0,0,0,0,0,0,0,0,0,0,0,0,0,0
Darwin,D3,Nocturnal,100,21:01-00:00,21.4,75,0.0,0,0,0,0,0,0,0,0,0,0,0,0,0,0,0,0,0,0,0,0,0,0,0,0,0,0,0,0,0,0,1,0,0,0,0,0,0,1
Darwin,D3,Nocturnal,150,21:01-00:00,23.5,72,0.0,0,0,0,0,0,0,0,0,0,0,0,0,0,0,0,0,0,0,0,0,0,0,0,0,0,0,0,0,0,0,0,0,0,0,0,0,0,0
Darwin,D3,Nocturnal,150,21:01-00:00,21.6,78,0.0,0,0,0,0,0,0,0,0,0,0,0,0,0,0,0,0,0,0,0,0,0,0,0,0,0,0,0,0,0,0,0,0,0,0,0,0,0,0
Darwin,D3,Nocturnal,150,21:01-00:00,19.9,87,0.0,0,0,0,0,0,0,0,0,0,0,0,0,0,0,0,0,0,0,0,0,0,0,0,0,0,0,0,1,0,0,0,0,0,0,0,0,0,1
Darwin,D3,Nocturnal,200,21:01-00:00,24.4,75,0.0,0,0,0,0,0,0,0,0,0,0,0,0,0,0,0,0,0,0,0,0,0,0,0,0,0,0,0,0,0,0,0,0,0,0,0,0,0,0
Darwin,D3,Nocturnal,200,21:01-00:00,23.9,75,0.0,0,0,0,0,0,0,0,0,0,0,0,0,0,0,0,0,0,0,0,0,0,0,0,0,0,0,0,0,0,0,0,0,0,0,0,0,0,0
Darwin,D3,Nocturnal,200,21:01-00:00,24.2,75,0.0,0,0,0,0,0,0,0,0,0,0,0,0,0,0,0,0,0,0,0,0,0,0,0,0,0,0,0,0,0,0,0,0,0,0,0,0,0,0
Darwin,D4,Nocturnal,0,21:01-00:00,22.6,71,0.0,0,0,0,0,0,0,0,0,0,0,0,0,0,0,0,0,0,0,0,0,0,0,0,0,0,0,0,0,0,0,0,1,1,0,0,0,0,2
Darwin,D4,Nocturnal,0,21:01-00:00,25.0,61,0.0,1,0,1,0,0,0,0,0,0,0,0,0,0,0,0,0,0,0,0,0,0,0,0,0,0,1,1,0,0,0,1,0,0,0,0,0,0,5
Darwin,D4,Nocturnal,0,21:01-00:00,20.8,75,0.0,0,0,0,0,0,0,0,0,0,0,0,0,0,0,0,0,0,0,0,0,0,0,0,0,0,0,0,0,0,0,1,0,0,0,0,0,0,1
Darwin,D4,Nocturnal,50,21:01-00:00,23.5,71,0.0,0,0,0,0,0,0,0,0,0,0,0,0,0,0,0,0,0,0,0,0,0,0,0,0,0,0,0,0,0,0,0,0,0,0,0,0,0,0
Darwin,D4,Nocturnal,50,21:01-00:00,22.0,74,0.0,0,0,0,0,0,0,0,0,0,0,0,0,0,0,0,0,0,0,0,0,0,0,0,0,0,0,0,0,0,0,0,0,0,0,0,0,0,0
Darwin,D4,Nocturnal,50,21:01-00:00,22.5,75,0.0,0,0,0,0,0,0,0,0,0,0,0,0,0,0,0,0,0,0,0,0,0,0,0,0,0,0,0,0,0,0,0,0,0,0,0,0,0,0
Darwin,D4,Nocturnal,100,21:01-00:00,22.5,72,0.0,0,0,0,0,0,0,0,0,0,0,0,0,0,0,0,0,0,0,0,0,0,0,0,0,0,0,0,0,0,0,0,0,0,0,0,0,0,0
Darwin,D4,Nocturnal,100,21:01-00:00,22.1,61,0.0,0,0,0,0,0,0,0,0,0,0,0,0,0,0,0,0,0,0,0,0,0,0,0,0,0,0,0,0,0,0,0,0,0,0,0,0,0,0
Darwin,D4,Nocturnal,100,21:01-00:00,23.6,67,0.0,0,0,0,0,0,0,0,0,0,0,0,0,0,0,0,0,0,0,0,0,0,0,0,0,0,0,0,0,0,0,0,0,0,0,0,0,0,0
Darwin,D4,Nocturnal,150,21:01-00:00,23.2,67,0.0,0,0,0,0,0,0,0,0,0,0,0,0,0,0,0,0,0,0,0,0,0,0,0,0,0,0,0,0,0,0,0,0,0,0,0,0,0,0
Darwin,D4,Nocturnal,150,21:01-00:00,23.9,70,0.0,0,0,0,0,0,0,0,0,0,0,0,0,0,0,0,0,0,0,0,0,0,0,0,0,0,0,0,0,0,0,0,0,0,0,0,0,0,0
Darwin,D4,Nocturnal,150,21:01-00:00,23.6,69,0.0,0,0,0,0,0,0,0,0,0,0,0,0,0,0,0,0,0,0,0,0,0,0,0,0,0,0,0,0,0,0,0,0,0,0,0,0,0,0
Darwin,D4,Nocturnal,200,21:01-00:00,21.4,74,0.0,0,0,1,0,0,0,0,0,0,0,0,0,0,0,0,0,0,0,0,0,0,0,0,0,0,0,0,0,0,0,0,0,0,0,0,0,0,1
Darwin,D4,Nocturnal,200,21:01-00:00,24.9,65,0.0,0,0,0,0,0,0,0,0,0,0,0,0,0,0,0,0,0,0,0,0,0,0,0,0,0,0,0,0,0,0,0,0,0,0,0,0,0,0
Darwin,D4,Nocturnal,200,21:01-00:00,25.0,64,0.0,0,0,1,0,0,0,0,0,0,0,0,0,0,0,0,0,0,0,0,0,0,0,0,0,0,0,0,0,0,0,0,0,0,0,0,0,0,1
Darwin,D5,Nocturnal,0,21:01-00:00,15.1,79,0.0,0,0,18,0,0,0,0,0,0,0,0,0,0,0,0,0,0,0,0,0,0,0,0,0,0,0,0,1,0,0,1,0,0,0,0,0,0,20
Darwin,D5,Nocturnal,0,21:01-00:00,14.8,78,0.0,0,0,1,0,0,0,0,0,0,0,0,0,0,0,0,0,0,0,0,0,0,0,0,0,0,0,0,0,0,0,0,1,0,0,0,0,0,2
Darwin,D5,Nocturnal,0,21:01-00:00,14.0,79,0.0,0,0,4,0,0,0,0,0,0,0,0,0,0,0,0,0,0,0,0,0,0,0,0,0,0,0,0,0,0,0,0,0,0,1,1,0,0,6
Darwin,D5,Nocturnal,50,21:01-00:00,14.8,78,0.0,0,0,0,0,0,0,0,0,0,0,0,0,0,0,0,0,0,0,0,0,0,0,0,0,0,0,0,0,0,0,0,0,0,0,0,0,0,0
Darwin,D5,Nocturnal,50,21:01-00:00,14.5,80,0.0,0,0,0,0,0,0,0,0,0,0,0,0,0,0,0,0,0,0,0,0,0,0,0,0,0,0,0,0,0,0,0,0,0,0,0,0,0,0
Darwin,D5,Nocturnal,50,21:01-00:00,16.5,69,0.0,0,0,1,0,1,0,0,0,0,0,0,0,0,0,0,0,0,0,0,0,0,0,0,0,0,0,0,0,0,0,0,0,0,0,0,0,0,2
Darwin,D5,Nocturnal,100,21:01-00:00,15.1,76,0.0,0,0,0,0,0,0,0,0,0,0,0,0,0,0,0,0,0,0,0,0,0,0,0,0,0,0,0,0,0,0,0,0,0,0,0,0,0,0
Darwin,D5,Nocturnal,100,21:01-00:00,15.6,81,0.0,0,0,0,0,0,0,0,0,0,0,0,0,0,0,0,0,0,0,0,0,0,0,0,0,0,0,0,0,0,0,0,0,0,0,0,0,0,0
Darwin,D5,Nocturnal,100,21:01-00:00,15.1,78,0.0,0,0,0,0,0,0,0,0,0,0,0,0,0,0,0,0,0,0,0,0,0,0,0,0,0,0,0,0,0,0,0,0,0,0,0,0,0,0
Darwin,D6,Nocturnal,0,21:01-00:00,18.8,71,0.0,0,0,0,0,0,0,0,0,0,0,0,0,0,0,0,0,0,0,0,0,0,0,0,0,0,0,0,0,0,0,0,0,0,0,0,0,0,0
Darwin,D6,Nocturnal,0,21:01-00:00,13.5,91,0.0,0,0,0,0,0,0,0,0,0,0,0,0,0,0,0,0,0,0,0,0,0,0,0,0,0,0,0,0,0,0,0,0,0,0,0,0,0,0
Darwin,D6,Nocturnal,0,21:01-00:00,13.9,94,0.0,0,0,0,0,0,0,0,0,0,0,0,0,0,0,0,0,0,0,0,0,0,0,0,0,0,0,0,0,0,0,0,0,0,0,0,0,0,0
Darwin,D6,Nocturnal,50,21:01-00:00,18.7,71,0.0,0,0,0,0,0,0,0,0,0,0,0,0,0,0,0,0,0,0,0,0,0,0,0,0,0,0,0,0,0,0,0,0,0,0,0,0,0,0
Darwin,D6,Nocturnal,50,21:01-00:00,13.7,94,0.0,0,0,0,0,0,0,0,0,0,0,0,0,0,0,0,0,0,0,0,0,0,0,0,0,0,0,0,0,0,0,0,0,0,0,0,0,0,0
Darwin,D6,Nocturnal,50,21:01-00:00,13.3,92,0.0,0,0,0,0,0,0,0,0,0,0,0,0,0,0,0,0,0,0,0,0,0,0,0,0,0,0,0,0,0,0,0,0,0,0,0,0,0,0
Darwin,D6,Nocturnal,100,21:01-00:00,16.9,81,0.0,0,0,0,0,0,0,0,0,0,0,0,0,0,0,0,0,0,0,0,0,0,0,0,0,0,0,0,0,0,0,0,0,0,0,0,0,0,0
Darwin,D6,Nocturnal,100,21:01-00:00,14.1,90,0.0,0,0,0,0,0,0,0,0,0,0,0,0,0,0,0,0,0,0,0,0,0,0,0,0,0,0,0,0,0,0,0,0,0,0,0,0,0,0
Darwin,D6,Nocturnal,100,21:01-00:00,13.2,94,0.0,0,0,0,0,0,0,0,0,0,0,0,0,0,0,0,0,0,0,0,0,0,0,0,0,0,0,0,0,0,0,0,0,0,0,0,0,0,0
Darwin,D6,Nocturnal,150,21:01-00:00,16.2,87,0.0,0,0,0,0,0,0,0,0,0,0,0,0,0,0,0,0,0,0,0,0,0,0,0,0,0,0,0,0,0,0,0,0,0,0,0,0,0,0
Darwin,D6,Nocturnal,150,21:01-00:00,14.8,89,0.0,0,0,0,0,0,0,0,0,0,0,0,0,0,0,0,0,0,0,0,0,0,0,0,0,0,0,0,0,0,0,0,0,0,0,0,0,0,0
Darwin,D6,Nocturnal,150,21:01-00:00,13.1,96,0.0,0,0,0,0,0,0,0,0,0,0,0,0,0,0,0,0,0,0,0,0,0,0,0,0,0,0,0,0,0,0,0,0,0,0,0,0,0,0
Darwin,D6,Nocturnal,200,21:01-00:00,15.6,88,0.0,0,0,0,0,0,0,0,0,0,0,0,0,0,0,0,0,0,0,0,0,0,0,0,0,0,0,0,0,0,0,0,0,0,0,0,0,0,0
Darwin,D6,Nocturnal,200,21:01-00:00,15.9,81,0.0,0,0,0,0,0,0,0,0,0,0,0,0,0,0,0,0,0,0,0,0,0,0,0,0,0,0,0,0,0,0,0,0,0,0,0,0,0,0
Darwin,D6,Nocturnal,200,21:01-00:00,13.0,96,0.0,0,0,0,0,0,0,0,0,0,0,0,0,0,0,0,0,0,0,0,0,0,0,0,0,0,0,0,0,0,0,0,0,0,0,0,0,0,0
,,,,,,,,,,,,,,,,,,,,,,,,,,,,,,,,,,,,,,,,,,,,,
